"111,28","0,0","13,4","28,10","42,14","51,18","61,20","72,22","84,24","93,26","99,27"
"29,86","0,0","2,8","7,24","12,40","15,48","18,54","19,60","22,68","24,74","26,79"
"191,61","0,0","40,14","105,35","134,44","146,48","153,50","162,53","171,56","178,58","182,59"
"-86,-201","0,0","-7,-18","-27,-66","-44,-101","-50,-115","-56,-129","-67,-156","-78,-185","-81,-194","-84,-197"
"112,139","0,0","44,58","59,79","68,91","78,105","83,114","89,120","96,126","102,131","108,135"
"-110,21","0,0","-36,4","-58,7","-68,8","-76,10","-82,12","-88,13","-93,14","-98,16","-102,18"
"-95,-34","0,0","-4,-1","-16,-6","-38,-15","-58,-23","-72,-28","-78,-32","-82,-33","-86,-33","-89,-33"
"96,65","0,0","18,11","35,22","49,30","61,39","68,44","75,48","80,51","84,54","88,57"
"184,-6","0,0","65,-2","104,-5","128,-7","142,-9","152,-9","160,-9","167,-9","174,-9","180,-7"
"13,-134","0,0","7,-21","15,-45","19,-63","23,-76","25,-90","25,-101","24,-111","21,-119","16,-126"
"103,-186","0,0","26,-50","44,-84","54,-105","63,-120","79,-144","87,-154","91,-158","95,-163","100,-173"
"-195,-189","0,0","-121,-79","-158,-104","-166,-111","-178,-121","-184,-126","-186,-137","-190,-154","-190,-163","-191,-170"
"53,-102","0,0","9,-16","18,-32","27,-50","34,-64","38,-70","40,-74","43,-80","46,-87","50,-94"
"-111,33","0,0","-26,6","-55,13","-69,16","-76,19","-84,22","-90,24","-98,26","-102,28","-105,30"
"46,163","0,0","12,64","19,97","22,109","26,121","32,133","36,142","37,146","39,150","43,159"
"45,-162","0,0","18,-52","25,-76","30,-89","36,-112","41,-130","44,-137","45,-143","46,-148","46,-153"
"-128,140","0,0","-65,50","-96,74","-116,91","-130,104","-138,115","-142,122","-143,129","-141,135","-134,138"
"58,93","0,0","27,39","36,52","38,56","41,61","47,69","51,75","53,80","54,84","56,89"
"-34,-43","0,0","-2,-4","-9,-13","-14,-19","-17,-23","-20,-25","-22,-29","-25,-32","-27,-35","-30,-37"
"-201,-112","0,0","-72,-37","-106,-53","-132,-65","-159,-80","-174,-86","-179,-89","-184,-93","-189,-97","-192,-101"
"-80,143","0,0","-27,33","-43,58","-54,75","-63,89","-70,101","-75,110","-77,117","-80,124","-80,131"
"14,-94","0,0","3,-22","7,-49","8,-56","9,-61","10,-66","10,-71","11,-76","12,-80","12,-85"
"130,110","0,0","42,38","62,57","71,66","85,79","100,91","107,99","111,101","115,103","119,106"
"4,-66","0,0","1,-8","2,-16","2,-23","2,-31","4,-38","4,-44","4,-51","4,-58","4,-62"
"142,-49","0,0","32,-18","55,-28","73,-35","90,-44","101,-50","112,-52","120,-54","132,-54","137,-51"
"65,-103","0,0","18,-22","25,-29","36,-42","44,-52","49,-60","55,-74","59,-82","61,-90","63,-98"
"116,-126","0,0","44,-54","54,-68","62,-78","70,-86","79,-94","85,-100","92,-106","97,-110","105,-116"
"-37,-108","0,0","-5,-19","-11,-35","-15,-45","-18,-54","-20,-64","-24,-76","-27,-89","-29,-97","-32,-102"
"110,53","0,0","30,12","45,20","56,24","66,29","72,32","80,37","90,43","96,46","103,50"
"52,87","0,0","12,19","28,44","38,59","42,66","44,70","46,74","48,78","49,82","51,85"
"-156,-105","0,0","-44,-20","-97,-48","-110,-55","-120,-60","-134,-69","-145,-76","-150,-79","-152,-87","-155,-98"
"110,-16","0,0","25,-4","39,-7","52,-10","66,-14","79,-15","86,-15","94,-16","100,-16","105,-16"
"-167,-82","0,0","-28,-6","-60,-18","-81,-30","-101,-42","-117,-52","-133,-63","-144,-71","-152,-75","-160,-79"
"108,127","0,0","28,30","51,54","64,70","74,80","80,90","89,100","97,110","101,117","104,121"
"-62,-48","0,0","-8,-4","-17,-9","-22,-13","-28,-17","-36,-25","-42,-31","-48,-35","-52,-39","-56,-44"
"-87,79","0,0","-15,11","-35,27","-46,40","-56,49","-65,57","-73,64","-79,69","-83,74","-86,77"
"138,-26","0,0","35,-6","68,-12","89,-17","102,-19","111,-21","121,-23","128,-23","134,-25","138,-26"
"-44,38","0,0","-5,5","-12,11","-19,16","-23,21","-27,24","-31,27","-34,29","-37,30","-38,32"
"42,-147","0,0","14,-31","22,-52","28,-76","32,-95","34,-105","35,-117","38,-126","39,-135","40,-141"
"128,112","0,0","35,27","65,53","85,69","94,77","100,83","106,89","112,96","118,103","123,106"
"-3,-85","0,0","0,-14","0,-35","-1,-54","-2,-64","-3,-71","-3,-75","-3,-78","-3,-81","-3,-83"
"-116,171","0,0","-38,45","-63,75","-74,90","-84,103","-94,116","-102,131","-108,142","-112,152","-114,159"
"15,-138","0,0","5,-32","11,-87","14,-120","15,-129","16,-135","16,-144","18,-152","18,-154","17,-149"
"121,-90","0,0","30,-26","49,-39","66,-53","80,-63","90,-71","96,-74","105,-79","112,-83","116,-87"
"-46,43","0,0","-6,5","-16,14","-25,22","-32,30","-36,34","-39,37","-41,39","-42,41","-44,42"
"-168,167","0,0","-64,57","-102,96","-122,117","-134,134","-143,145","-151,153","-157,160","-160,164","-164,167"
"-70,-166","0,0","-16,-32","-48,-108","-53,-122","-55,-127","-57,-132","-62,-145","-67,-158","-68,-164","-70,-166"
"-153,36","0,0","-40,6","-67,13","-96,21","-114,26","-127,31","-136,32","-142,34","-147,35","-153,36"
"2,42","0,0","0,5","0,12","0,18","2,24","2,28","2,31","2,33","2,36","2,38"
"-50,-32","0,0","-3,-2","-8,-4","-12,-8","-20,-13","-24,-15","-27,-17","-30,-18","-32,-20","-37,-22"
"57,117","0,0","26,48","40,70","46,79","50,86","54,92","56,96","58,100","60,103","58,106"
"-76,-12","0,0","-14,-2","-31,-6","-42,-8","-49,-10","-55,-10","-60,-10","-64,-11","-68,-11","-72,-12"
"-199,-12","0,0","-51,-2","-92,-5","-118,-6","-142,-8","-157,-10","-171,-10","-182,-10","-188,-10","-193,-10"
"100,-187","0,0","18,-33","35,-69","47,-97","58,-119","72,-143","83,-161","91,-172","94,-177","97,-182"
"39,100","0,0","6,22","17,48","22,62","26,71","28,76","30,82","32,88","34,92","35,95"
"-84,68","0,0","-23,17","-42,33","-56,45","-65,52","-71,57","-74,60","-77,62","-80,64","-82,67"
"64,-78","0,0","32,-44","52,-68","58,-75","64,-80","72,-87","76,-90","77,-89","73,-85","68,-81"
"90,-165","0,0","24,-39","39,-72","51,-99","56,-109","61,-116","68,-124","73,-135","76,-143","80,-148"
"174,-55","0,0","58,-30","85,-43","93,-46","104,-50","116,-53","127,-54","135,-54","148,-55","158,-55"
"-10,94","0,0","-2,13","-8,36","-12,48","-12,56","-14,63","-14,72","-14,78","-14,82","-14,87"
"151,-96","0,0","54,-26","105,-53","124,-65","133,-72","141,-77","146,-83","150,-87","152,-91","151,-96"
"132,-14","0,0","19,-1","45,-2","69,-4","81,-6","97,-11","107,-12","113,-14","120,-15","126,-14"
"-203,122","0,0","-65,36","-100,60","-134,84","-167,106","-184,116","-198,123","-206,126","-212,127","-208,124"
"-201,-162","0,0","-51,-41","-74,-63","-96,-86","-136,-130","-145,-137","-162,-152","-175,-164","-182,-165","-192,-164"
"22,-55","0,0","2,-6","6,-12","9,-20","12,-28","15,-32","16,-37","17,-42","18,-45","20,-49"
"103,73","0,0","12,8","35,22","48,32","62,42","74,51","85,57","92,63","97,68","100,71"
"61,-117","0,0","6,-20","16,-50","25,-81","32,-100","36,-109","38,-115","42,-117","47,-119","52,-119"
"41,122","0,0","7,26","18,61","24,80","28,90","30,98","33,106","36,112","37,116","39,119"
"-22,-60","0,0","-3,-9","-9,-25","-15,-41","-18,-49","-18,-52","-19,-54","-20,-56","-21,-57","-22,-58"
"118,172","0,0","119,166","140,199","149,212","151,214","147,203","141,197","136,192","129,183","122,177"
"-68,-57","0,0","-9,-7","-23,-18","-30,-23","-35,-26","-43,-32","-47,-34","-50,-37","-53,-39","-59,-46"
"121,-146","0,0","37,-50","49,-66","63,-81","79,-98","95,-112","102,-118","107,-126","112,-135","115,-140"
"-195,-155","0,0","-66,-49","-118,-97","-140,-115","-182,-155","-198,-171","-206,-175","-216,-183","-214,-180","-205,-167"
"76,85","0,0","7,8","25,28","44,46","54,57","60,63","63,66","65,69","68,73","72,77"
"-136,-8","0,0","-27,0","-60,-4","-78,-5","-90,-7","-101,-8","-110,-8","-119,-8","-126,-8","-131,-8"
"-43,-115","0,0","-6,-18","-14,-33","-18,-43","-23,-61","-30,-90","-32,-100","-33,-106","-36,-112","-38,-116"
"-140,-160","0,0","-32,-31","-81,-84","-98,-106","-103,-111","-106,-114","-112,-122","-126,-140","-134,-153","-138,-157"
"85,-34","0,0","29,-12","51,-21","59,-24","64,-26","68,-26","72,-28","76,-28","78,-30","82,-32"
"-125,142","0,0","-36,36","-61,60","-78,78","-90,90","-99,102","-106,110","-110,119","-114,126","-118,132"
"-118,-117","0,0","-32,-34","-69,-75","-75,-81","-79,-83","-87,-89","-102,-102","-110,-109","-114,-112","-118,-117"
"104,-105","0,0","37,-28","55,-43","62,-49","69,-54","78,-64","87,-74","93,-81","97,-88","101,-93"
"191,77","0,0","61,29","93,42","108,47","124,51","140,53","150,57","165,63","178,70","186,73"
"120,175","0,0","25,37","44,62","54,76","72,101","80,113","88,124","102,147","110,158","114,166"
"-47,76","0,0","-12,15","-25,35","-31,44","-33,49","-35,52","-37,57","-39,62","-41,67","-43,71"
"-82,-18","0,0","-8,0","-22,-2","-39,-6","-49,-7","-56,-9","-60,-10","-64,-10","-67,-12","-72,-13"
"77,-10","0,0","7,-1","21,-4","39,-6","52,-7","62,-8","67,-9","71,-9","73,-10","75,-10"
"115,16","0,0","24,2","62,8","81,10","90,12","95,12","100,14","107,15","112,15","115,16"
"124,53","0,0","36,14","66,27","78,32","85,36","96,40","102,43","108,44","111,46","115,48"
"29,-8","0,0","2,0","5,-2","9,-2","12,-3","14,-4","17,-5","18,-6","20,-6","22,-7"
"29,77","0,0","0,8","5,20","11,36","14,46","17,52","19,58","22,65","24,70","26,74"
"-3,-146","0,0","4,-47","4,-66","4,-76","4,-88","4,-97","4,-108","4,-117","1,-128","0,-138"
"-102,151","0,0","-23,29","-42,60","-56,82","-65,98","-74,112","-83,124","-89,134","-94,140","-98,146"
"-177,-74","0,0","-30,-9","-71,-26","-94,-36","-115,-46","-135,-56","-148,-63","-158,-67","-166,-70","-174,-71"
"-29,-23","0,0","-3,-1","-6,-2","-10,-4","-14,-7","-17,-8","-19,-10","-21,-11","-25,-17","-28,-21"
"-36,-143","0,0","-1,-31","-7,-70","-8,-82","-10,-94","-14,-106","-17,-115","-21,-122","-25,-131","-29,-136"
"37,18","0,0","5,3","9,6","12,8","16,10","19,12","22,14","26,16","29,17","32,18"
"-120,184","0,0","-38,44","-63,81","-78,103","-88,118","-96,130","-103,140","-110,151","-115,162","-118,170"
"-88,91","0,0","-21,16","-47,39","-56,50","-62,56","-65,62","-69,69","-72,73","-76,78","-81,82"
"-15,147","0,0","-5,50","-9,88","-11,104","-12,114","-13,123","-15,128","-15,134","-15,141","-15,147"
"129,-102","0,0","46,-41","82,-73","98,-86","111,-97","127,-107","139,-115","145,-118","148,-116","140,-111"
"-16,-96","0,0","-1,-21","-1,-29","-2,-34","-3,-40","-4,-47","-6,-59","-9,-69","-12,-80","-14,-88"
"104,-108","0,0","40,-37","50,-44","55,-49","62,-58","68,-66","75,-74","82,-83","87,-90","92,-96"
"-49,-17","0,0","-6,0","-13,-2","-19,-4","-23,-6","-27,-8","-32,-11","-36,-13","-42,-16","-45,-17"
"36,186","0,0","17,87","24,122","25,134","27,142","28,150","29,155","31,160","33,166","34,175"
"-105,46","0,0","-31,10","-53,17","-69,24","-78,28","-84,31","-91,34","-97,38","-101,42","-105,46"
"49,71","0,0","8,24","22,54","28,65","30,70","32,73","37,76","42,76","46,74","49,71"
"23,-79","0,0","4,-14","8,-24","10,-33","12,-38","15,-48","18,-58","20,-66","21,-70","22,-75"
"-182,8","0,0","-36,0","-68,-4","-94,-6","-119,-8","-136,-8","-154,-6","-167,-3","-176,1","-181,5"
"-132,-51","0,0","-32,-14","-64,-27","-78,-32","-87,-34","-98,-38","-108,-42","-116,-46","-122,-47","-128,-49"
"189,-149","0,0","68,-64","110,-102","124,-115","140,-128","151,-136","158,-141","164,-144","174,-148","182,-149"
"-165,-202","0,0","-48,-65","-72,-100","-85,-117","-101,-139","-120,-164","-139,-185","-156,-202","-164,-209","-168,-208"
"-171,-25","0,0","-21,-1","-45,-4","-68,-9","-87,-12","-103,-14","-115,-17","-130,-21","-142,-23","-154,-24"
"85,-41","0,0","10,-9","23,-19","33,-25","43,-29","53,-31","64,-34","71,-35","75,-37","81,-39"
"-198,154","0,0","-58,45","-87,70","-109,89","-127,102","-145,114","-161,126","-177,136","-189,144","-196,150"
"-142,-56","0,0","-15,-5","-46,-16","-60,-22","-72,-28","-88,-34","-104,-42","-120,-50","-132,-52","-137,-54"
"-170,-208","0,0","-47,-48","-81,-82","-98,-102","-118,-124","-137,-147","-151,-168","-158,-181","-166,-196","-169,-208"
"196,24","0,0","57,7","115,14","131,16","140,18","154,20","167,22","174,23","181,23","190,24"
"-73,-90","0,0","-9,-13","-22,-34","-29,-42","-38,-53","-51,-64","-56,-70","-61,-76","-65,-84","-69,-87"
"-41,-159","0,0","-9,-24","-21,-54","-27,-72","-30,-85","-33,-97","-35,-106","-37,-120","-39,-133","-41,-144"
"146,-132","0,0","26,-24","42,-41","73,-75","85,-88","92,-95","101,-101","109,-106","120,-111","134,-123"
"-135,119","0,0","-48,37","-70,60","-82,72","-92,80","-100,89","-108,98","-115,105","-121,110","-127,115"
"-96,-181","0,0","-34,-57","-51,-83","-54,-88","-58,-94","-67,-110","-76,-130","-85,-152","-90,-164","-93,-173"
"-36,-161","0,0","-13,-48","-18,-65","-20,-70","-22,-79","-32,-129","-37,-167","-37,-174","-37,-172","-37,-166"
"113,-88","0,0","25,-23","60,-50","70,-57","77,-61","86,-67","93,-70","99,-76","106,-83","109,-86"
"3,189","0,0","-6,54","-4,119","-2,142","-2,155","-2,169","-2,179","-2,186","-1,192","-1,197"
"119,197","0,0","41,61","79,110","85,121","90,133","101,153","105,162","107,168","109,175","111,181"
"-122,-21","0,0","-20,-5","-46,-13","-64,-17","-76,-19","-86,-21","-96,-22","-102,-22","-109,-22","-116,-21"
"70,113","0,0","12,26","46,71","60,92","64,98","65,101","68,106","70,111","73,115","74,118"
"64,-70","0,0","10,-13","16,-25","28,-41","37,-51","42,-56","46,-59","50,-63","55,-65","59,-68"
"-152,199","0,0","-67,55","-103,95","-125,121","-137,136","-148,150","-152,158","-155,169","-155,181","-154,191"
"-147,37","0,0","-22,5","-47,11","-69,19","-87,23","-101,29","-112,31","-122,33","-132,34","-140,36"
"-133,150","0,0","-36,36","-61,66","-74,82","-87,95","-97,106","-105,118","-116,129","-122,137","-126,142"
"-173,116","0,0","-50,20","-93,48","-120,69","-135,81","-144,88","-153,95","-162,103","-168,111","-173,116"
"-31,165","0,0","-16,49","-21,84","-24,98","-27,116","-29,124","-29,136","-31,149","-31,157","-31,165"
"44,56","0,0","6,13","12,22","15,26","20,33","27,40","32,44","34,48","39,52","44,56"
"-125,99","0,0","-24,12","-54,32","-77,52","-93,68","-104,80","-111,86","-117,90","-120,94","-123,96"
"-114,127","0,0","-33,30","-61,64","-78,86","-88,100","-95,108","-99,114","-103,118","-109,124","-114,127"
"-89,34","0,0","-7,2","-18,6","-34,11","-50,16","-61,22","-69,25","-74,27","-79,29","-82,30"
"143,106","0,0","24,12","66,38","93,54","103,61","107,65","110,68","117,75","128,88","135,96"
"184,161","0,0","45,29","93,62","110,75","125,89","142,104","154,118","170,141","178,151","181,156"
"11,-133","0,0","4,-29","6,-56","8,-69","8,-84","9,-98","9,-105","9,-114","11,-120","11,-127"
"182,174","0,0","42,50","70,86","96,116","121,146","133,159","140,165","149,172","160,176","170,176"
"-202,-115","0,0","-45,-20","-89,-44","-112,-56","-133,-70","-150,-82","-164,-91","-176,-99","-183,-103","-191,-107"
"-156,-41","0,0","-36,-10","-71,-21","-93,-26","-105,-30","-114,-33","-123,-36","-132,-39","-137,-40","-143,-40"
"-58,91","0,0","-8,13","-18,29","-27,41","-34,51","-40,61","-44,67","-47,73","-50,77","-52,81"
"-130,-123","0,0","-20,-17","-58,-52","-80,-75","-92,-89","-101,-99","-109,-107","-116,-113","-120,-117","-123,-120"
"-3,-69","0,0","0,-9","0,-24","0,-38","0,-46","0,-49","0,-52","-1,-55","-1,-58","-2,-60"
"-193,132","0,0","-45,13","-94,39","-131,68","-151,86","-164,100","-173,112","-181,122","-186,129","-188,132"
"197,10","0,0","60,2","135,13","179,18","206,18","221,18","228,18","225,14","218,14","205,12"
"-68,-26","0,0","-12,-4","-24,-7","-30,-11","-35,-13","-39,-15","-44,-17","-48,-20","-53,-21","-56,-23"
"100,-52","0,0","36,-22","47,-28","51,-30","61,-34","69,-37","74,-39","79,-42","84,-43","87,-46"
"179,-55","0,0","57,-24","102,-38","114,-40","122,-42","137,-45","154,-48","164,-50","170,-51","176,-53"
"-131,-197","0,0","-31,-55","-53,-93","-61,-106","-77,-128","-91,-146","-102,-158","-117,-178","-126,-191","-129,-195"
"-182,156","0,0","-56,39","-89,71","-110,93","-128,114","-139,128","-150,140","-156,145","-165,149","-177,154"
"-2,-130","0,0","-3,-60","-4,-78","-4,-85","-3,-92","-3,-103","-2,-113","-2,-120","-2,-125","-2,-130"
"-198,-39","0,0","-69,-25","-100,-34","-130,-41","-153,-45","-168,-46","-182,-46","-195,-46","-202,-44","-206,-42"
"-16,-46","0,0","-1,-5","-3,-12","-5,-18","-7,-25","-9,-30","-9,-34","-11,-37","-11,-40","-13,-42"
"31,-160","0,0","8,-20","19,-47","24,-68","27,-82","29,-97","32,-113","35,-127","36,-140","36,-148"
"-18,-125","0,0","-5,-30","-10,-60","-12,-70","-12,-79","-13,-90","-14,-99","-15,-107","-16,-114","-17,-120"
"189,129","0,0","71,62","101,88","117,101","134,114","144,121","154,124","169,126","180,129","189,129"
"169,83","0,0","18,5","64,29","94,48","106,55","120,61","130,68","140,74","150,78","160,81"
"103,-139","0,0","29,-46","45,-71","60,-93","76,-116","83,-124","87,-129","90,-132","93,-135","97,-137"
"48,-205","0,0","12,-49","26,-107","35,-147","40,-167","44,-179","45,-186","46,-191","47,-196","47,-201"
"86,149","0,0","15,28","43,69","57,90","62,100","68,111","74,124","78,131","81,135","84,143"
"197,88","0,0","37,15","92,40","123,57","137,63","152,69","171,75","182,79","188,81","191,83"
"-132,-39","0,0","-26,-10","-62,-26","-82,-33","-94,-37","-103,-39","-113,-41","-122,-41","-128,-43","-132,-43"
"100,3","0,0","19,0","45,0","70,0","80,0","85,0","88,1","92,2","96,3","100,3"
"-67,126","0,0","-20,27","-39,62","-48,85","-53,98","-57,108","-59,114","-61,118","-63,121","-65,124"
"97,-168","0,0","19,-24","48,-66","66,-94","74,-110","82,-126","90,-144","94,-153","96,-157","96,-161"
"-54,27","0,0","-8,3","-22,8","-31,13","-38,16","-43,20","-46,22","-49,24","-51,26","-54,27"
"-111,52","0,0","-13,4","-41,15","-63,25","-75,32","-84,38","-91,42","-97,45","-103,48","-107,50"
"52,58","0,0","16,22","36,48","44,58","47,63","49,66","50,68","51,70","52,70","52,67"
"-89,-33","0,0","-12,-4","-27,-9","-38,-13","-49,-19","-58,-24","-66,-27","-73,-29","-80,-31","-84,-32"
"74,-153","0,0","10,-24","26,-59","44,-101","52,-115","56,-121","62,-132","66,-140","70,-145","72,-149"
"-119,-37","0,0","-25,-9","-44,-15","-65,-23","-79,-29","-87,-33","-92,-35","-98,-37","-105,-37","-111,-37"
"51,191","0,0","17,50","43,119","50,146","53,157","55,164","56,168","58,177","59,182","60,186"
"-186,-20","0,0","-41,-14","-96,-27","-116,-30","-130,-30","-139,-27","-146,-26","-154,-25","-167,-23","-178,-22"
"-25,127","0,0","-4,27","-8,61","-10,78","-11,88","-13,94","-16,103","-18,110","-20,118","-24,123"
"-40,46","0,0","-4,4","-10,10","-15,18","-20,24","-24,29","-27,32","-30,36","-32,40","-35,43"
"63,-8","0,0","7,0","14,0","23,0","32,0","38,0","42,0","47,0","50,-2","53,-4"
"38,68","0,0","0,5","5,13","12,25","17,34","21,40","25,47","30,54","32,60","34,64"
"132,-60","0,0","81,-47","115,-68","122,-73","129,-77","135,-79","144,-79","146,-75","138,-67","132,-60"
"-186,185","0,0","-62,44","-108,89","-132,112","-146,124","-158,135","-170,145","-177,156","-182,166","-186,177"
"-146,99","0,0","-43,26","-67,44","-81,55","-91,62","-100,68","-111,75","-124,82","-136,91","-146,99"
"6,104","0,0","0,6","0,26","4,52","6,66","6,72","6,79","7,86","7,92","7,96"
"50,148","0,0","2,11","16,44","29,76","37,98","40,107","42,114","44,122","47,133","50,140"
"-65,-185","0,0","-37,-91","-54,-143","-58,-157","-59,-162","-61,-169","-64,-177","-67,-187","-69,-193","-70,-193"
"168,-127","0,0","48,-42","90,-71","112,-87","126,-97","137,-105","146,-112","154,-117","160,-122","165,-125"
"172,200","0,0","42,45","86,96","96,108","108,124","128,150","138,164","145,172","152,180","160,187"
"-160,-209","0,0","-57,-78","-87,-124","-93,-134","-109,-158","-121,-178","-128,-194","-134,-202","-139,-204","-150,-206"
"104,-138","0,0","24,-29","52,-64","68,-86","74,-96","80,-104","89,-116","96,-127","100,-132","102,-135"
"-58,-212","0,0","-9,-40","-24,-100","-30,-121","-32,-129","-37,-141","-42,-158","-48,-176","-52,-192","-56,-204"
"-158,-93","0,0","-43,-30","-92,-65","-109,-76","-117,-79","-123,-80","-129,-84","-139,-88","-145,-91","-152,-92"
"170,-90","0,0","35,-12","85,-26","114,-39","134,-48","140,-52","148,-57","154,-63","162,-74","166,-84"
"-5,-122","0,0","1,-27","2,-49","2,-58","2,-64","2,-71","2,-78","2,-84","0,-92","-1,-102"
"192,-19","0,0","92,4","166,2","190,0","209,-4","224,-6","231,-6","233,-10","226,-12","214,-15"
"-73,98","0,0","-19,21","-34,40","-42,53","-49,68","-56,78","-60,83","-63,87","-66,90","-69,94"
"-92,133","0,0","-25,24","-54,64","-68,92","-72,104","-74,112","-77,118","-80,122","-84,125","-88,127"
"-8,-40","0,0","-1,-4","-3,-11","-4,-16","-5,-20","-6,-24","-7,-26","-8,-28","-8,-30","-8,-32"
"115,56","0,0","32,13","52,23","60,28","66,31","81,38","91,45","97,48","100,51","105,53"
"3,139","0,0","-8,26","-10,40","-11,49","-12,60","-12,72","-12,82","-11,91","-9,101","-5,111"
"153,97","0,0","64,36","103,58","109,60","113,62","126,67","139,74","146,78","148,82","150,85"
"-122,188","0,0","-28,38","-61,98","-81,138","-91,158","-99,168","-107,176","-115,182","-119,186","-122,188"
"-115,-89","0,0","-34,-29","-58,-51","-70,-59","-78,-66","-88,-73","-96,-78","-102,-83","-107,-85","-111,-88"
"-4,-6","0,0","3,5","11,12","16,16","20,20","20,20","18,14","14,11","7,6","2,1"
"-73,-196","0,0","-48,-135","-65,-207","-68,-226","-69,-231","-70,-234","-72,-229","-72,-219","-73,-210","-73,-200"
"39,-33","0,0","7,-10","13,-18","17,-21","20,-24","22,-26","25,-27","27,-29","30,-30","33,-31"
"-92,-29","0,0","-11,-2","-35,-11","-56,-17","-66,-20","-71,-23","-76,-23","-80,-24","-84,-25","-87,-26"
"28,-73","0,0","1,-5","5,-14","10,-26","16,-40","20,-51","22,-56","24,-61","25,-64","26,-67"
"-74,21","0,0","-6,1","-18,4","-30,7","-41,11","-49,14","-54,15","-58,16","-62,18","-64,19"
"-126,-123","0,0","-49,-46","-79,-75","-83,-80","-87,-82","-101,-96","-109,-106","-113,-108","-117,-112","-121,-117"
"199,-98","0,0","69,-30","131,-55","159,-69","171,-77","180,-85","186,-90","191,-93","195,-95","199,-98"
"128,55","0,0","17,8","54,23","67,28","73,30","84,36","99,46","110,52","117,54","123,55"
"44,17","0,0","3,2","7,4","11,5","14,6","18,9","24,10","28,12","31,14","35,15"
"-144,92","0,0","-32,19","-62,39","-82,53","-95,63","-106,71","-116,76","-122,79","-128,82","-134,85"
"-42,-118","0,0","-14,-31","-31,-69","-34,-79","-36,-85","-38,-91","-40,-99","-40,-107","-42,-112","-42,-118"
"179,41","0,0","38,2","86,12","115,18","132,22","150,29","164,32","172,35","176,37","179,41"
"-197,-82","0,0","-50,-12","-98,-23","-129,-29","-150,-34","-166,-42","-177,-48","-186,-58","-192,-67","-196,-73"
"-142,-186","0,0","-27,-32","-66,-78","-79,-96","-93,-114","-112,-140","-120,-151","-126,-161","-134,-171","-138,-176"
"76,-49","0,0","7,-6","15,-10","22,-14","27,-17","34,-21","42,-26","52,-32","60,-38","67,-43"
"70,-153","0,0","31,-49","49,-75","53,-84","57,-90","62,-108","65,-129","66,-139","67,-146","70,-153"
"-69,-7","0,0","-10,-2","-21,-4","-29,-6","-35,-7","-41,-7","-45,-7","-47,-7","-52,-7","-55,-7"
"-196,-104","0,0","-53,-24","-96,-42","-118,-58","-143,-75","-158,-84","-166,-89","-176,-95","-184,-100","-190,-102"
"-53,177","0,0","-7,19","-19,61","-27,91","-33,117","-39,143","-42,158","-44,164","-47,168","-51,174"
"57,-69","0,0","8,-10","21,-22","28,-31","33,-36","36,-40","38,-42","41,-46","46,-52","50,-60"
"125,90","0,0","13,10","46,36","71,54","80,61","85,64","91,68","101,74","113,82","121,87"
"136,-199","0,0","26,-35","64,-87","86,-122","98,-140","108,-155","118,-169","124,-179","130,-187","132,-191"
"-51,118","0,0","-7,9","-17,26","-27,44","-33,61","-39,77","-43,89","-45,97","-46,104","-48,109"
"161,96","0,0","78,57","107,81","124,97","158,125","174,135","179,131","178,123","173,115","165,103"
"-196,-56","0,0","-41,-19","-100,-43","-126,-54","-144,-61","-164,-67","-176,-71","-184,-72","-188,-70","-191,-65"
"-94,28","0,0","-11,2","-26,4","-42,9","-57,13","-67,16","-77,20","-84,22","-88,24","-92,26"
"159,-1","0,0","26,-3","67,-4","97,-4","111,-4","119,-4","126,-4","134,-4","143,-3","150,-3"
"126,-200","0,0","43,-68","72,-124","86,-153","98,-176","107,-190","110,-194","113,-201","117,-206","122,-204"
"-89,190","0,0","-30,41","-48,78","-59,102","-67,126","-76,150","-81,166","-86,177","-88,185","-89,190"
"-194,-70","0,0","-51,-2","-102,-13","-128,-23","-150,-37","-162,-44","-169,-48","-179,-55","-188,-63","-192,-66"
"58,-139","0,0","14,-25","34,-62","43,-85","46,-94","49,-101","52,-108","54,-116","55,-123","56,-129"
"-152,104","0,0","-29,9","-69,25","-99,44","-116,61","-127,72","-134,80","-138,86","-143,90","-146,96"
"61,-32","0,0","13,-8","27,-18","37,-24","43,-27","45,-28","47,-29","49,-30","51,-31","54,-32"
"162,65","0,0","38,15","84,31","116,44","134,53","144,57","150,59","154,61","156,62","159,63"
"143,158","0,0","50,68","114,143","140,167","146,174","149,177","149,172","147,166","146,161","143,158"
"-204,-115","0,0","-50,-34","-103,-80","-130,-105","-144,-114","-155,-120","-164,-123","-178,-125","-190,-123","-200,-119"
"-56,-185","0,0","-2,-6","-12,-37","-35,-92","-47,-130","-53,-154","-54,-168","-54,-175","-54,-179","-54,-183"
"-161,15","0,0","-42,4","-88,10","-111,15","-123,18","-132,19","-140,19","-148,19","-154,19","-158,18"
"164,64","0,0","30,8","53,16","68,22","92,31","108,37","118,41","131,47","143,53","151,58"
"-10,-75","0,0","-2,-17","-5,-39","-6,-50","-7,-56","-7,-60","-8,-63","-10,-66","-10,-70","-10,-75"
"186,105","0,0","38,31","95,78","109,89","118,93","141,103","153,107","163,107","174,109","181,108"
"168,180","0,0","34,23","56,44","76,66","98,87","117,109","135,130","146,147","153,158","162,171"
"-176,-70","0,0","-26,-8","-62,-19","-79,-24","-91,-28","-104,-32","-116,-38","-131,-43","-151,-55","-169,-66"
"-155,123","0,0","-43,35","-74,59","-89,71","-101,81","-115,93","-127,102","-133,107","-138,111","-145,116"
"45,-1","0,0","7,0","15,0","25,0","31,0","37,0","42,0","45,0","48,0","51,0"
"86,-158","0,0","27,-36","42,-54","54,-74","72,-105","78,-115","82,-124","84,-133","86,-143","86,-150"
"37,-126","0,0","14,-37","28,-89","36,-120","40,-132","42,-137","44,-138","43,-134","41,-130","39,-128"
"-79,-27","0,0","-11,-4","-25,-8","-37,-14","-47,-17","-54,-20","-61,-23","-68,-25","-74,-27","-79,-27"
"-121,-146","0,0","-13,-16","-36,-45","-52,-62","-67,-81","-81,-93","-93,-109","-106,-121","-109,-125","-116,-137"
"-23,-212","0,0","-1,-27","-2,-50","-2,-75","-6,-99","-9,-123","-14,-159","-16,-170","-18,-186","-22,-205"
"-40,-18","0,0","-10,-2","-20,-4","-26,-4","-31,-4","-35,-6","-43,-12","-48,-14","-48,-16","-43,-16"
"-27,-158","0,0","-4,-32","-12,-73","-15,-86","-16,-97","-18,-115","-21,-132","-23,-140","-24,-145","-26,-149"
"-88,210","0,0","-33,50","-58,97","-72,138","-80,166","-87,191","-91,210","-95,222","-96,226","-93,220"
"6,-61","0,0","1,-11","1,-19","1,-24","1,-28","1,-33","2,-37","3,-40","5,-47","5,-53"
"-136,97","0,0","-46,23","-74,41","-90,54","-103,65","-114,75","-119,80","-124,84","-130,89","-133,93"
"186,89","0,0","74,34","122,59","146,71","155,75","161,77","167,79","174,82","181,85","184,87"
"-178,76","0,0","-42,15","-82,28","-106,36","-125,45","-142,55","-155,62","-163,67","-169,70","-174,74"
"119,123","0,0","48,61","74,93","79,100","83,104","92,116","98,123","101,126","108,126","114,125"
"152,-25","0,0","34,-9","72,-23","100,-33","109,-37","115,-38","125,-35","132,-32","137,-30","146,-27"
"79,94","0,0","13,19","37,52","49,68","53,73","55,77","61,84","68,92","73,94","79,94"
"-77,80","0,0","-14,15","-24,25","-34,36","-46,50","-56,62","-63,68","-66,71","-68,74","-72,76"
"37,-79","0,0","7,-16","13,-33","16,-43","18,-47","22,-52","24,-57","27,-61","31,-67","35,-75"
"49,-170","0,0","16,-39","26,-65","28,-72","33,-80","38,-92","40,-102","44,-123","47,-148","47,-156"
"-95,-57","0,0","-25,-23","-37,-34","-40,-37","-49,-41","-61,-46","-68,-49","-77,-51","-82,-53","-88,-55"
"164,-156","0,0","51,-41","79,-69","89,-80","111,-101","123,-112","132,-122","147,-139","152,-145","157,-151"
"-62,100","0,0","-15,26","-27,45","-33,56","-40,66","-46,76","-51,84","-54,88","-56,92","-60,96"
"-4,82","0,0","-1,11","-3,27","-4,40","-4,48","-4,53","-4,59","-4,66","-4,70","-4,74"
"48,-40","0,0","4,-3","10,-8","18,-14","26,-21","32,-27","36,-30","39,-33","41,-34","42,-36"
"-10,-90","0,0","-2,-26","-5,-45","-6,-53","-6,-57","-7,-63","-8,-69","-8,-77","-10,-85","-10,-90"
"-71,-96","0,0","-10,-18","-28,-46","-36,-60","-40,-65","-43,-68","-50,-78","-57,-87","-62,-93","-64,-95"
"-154,-42","0,0","-36,-9","-78,-20","-101,-26","-114,-29","-126,-31","-136,-32","-144,-34","-149,-34","-153,-34"
"103,28","0,0","28,4","57,9","65,11","70,12","77,15","88,18","95,20","99,21","101,25"
"99,-46","0,0","11,-6","25,-13","35,-18","43,-22","51,-25","63,-30","82,-39","91,-44","96,-45"
"14,136","0,0","0,24","0,54","1,72","3,84","4,94","5,105","7,112","8,116","9,121"
"-40,102","0,0","-12,24","-22,47","-26,58","-29,66","-31,73","-33,76","-34,82","-36,88","-38,93"
"-38,1","0,0","-5,0","-12,1","-19,1","-23,1","-26,1","-28,1","-30,1","-32,1","-34,1"
"113,-118","0,0","14,-11","37,-32","61,-59","75,-76","80,-81","84,-86","90,-94","98,-104","106,-111"
"-131,135","0,0","-32,26","-65,56","-87,80","-101,96","-112,108","-117,114","-121,119","-125,124","-129,130"
"-38,136","0,0","-11,26","-19,56","-23,76","-24,90","-26,100","-28,108","-30,118","-34,124","-36,132"
"44,-12","0,0","5,-1","13,-4","21,-6","25,-7","29,-9","32,-10","35,-10","39,-10","42,-11"
"-193,-211","0,0","-61,-91","-76,-114","-95,-143","-127,-185","-133,-194","-149,-209","-160,-219","-173,-221","-189,-218"
"-87,-136","0,0","-7,-18","-13,-31","-17,-37","-29,-57","-41,-77","-46,-84","-49,-88","-59,-101","-77,-127"
"21,104","0,0","4,24","10,52","14,65","15,71","17,76","20,84","23,93","25,97","23,101"
"192,-96","0,0","52,-30","111,-72","130,-86","139,-94","156,-106","165,-111","171,-112","181,-109","189,-103"
"-165,10","0,0","-36,6","-61,10","-79,13","-103,16","-120,16","-130,16","-138,16","-146,14","-158,11"
"52,-176","0,0","28,-65","36,-86","41,-96","50,-118","57,-134","60,-144","62,-155","60,-162","56,-172"
"-41,-99","0,0","-7,-18","-18,-49","-24,-62","-26,-67","-27,-70","-28,-73","-32,-82","-35,-90","-37,-94"
"52,134","0,0","6,19","19,54","32,86","41,109","46,119","48,123","49,127","50,129","50,132"
"-30,-180","0,0","-4,-48","-14,-92","-21,-120","-24,-141","-28,-155","-28,-166","-29,-174","-29,-179","-29,-182"
"174,-185","0,0","49,-44","81,-77","115,-113","143,-146","152,-156","160,-164","164,-171","169,-177","174,-185"
"188,-41","0,0","60,-25","88,-35","105,-37","131,-37","148,-39","168,-39","184,-41","207,-53","197,-47"
"11,-124","0,0","4,-30","7,-55","8,-64","9,-68","10,-76","10,-92","10,-103","10,-107","10,-111"
"-99,-54","0,0","-19,-21","-32,-31","-47,-38","-61,-44","-73,-46","-86,-49","-97,-51","-106,-51","-103,-52"
"99,-140","0,0","22,-30","39,-54","58,-82","74,-104","80,-112","86,-120","103,-141","111,-150","110,-150"
"12,-58","0,0","3,-4","6,-12","8,-20","11,-29","12,-36","12,-42","12,-46","12,-50","12,-54"
"-91,-76","0,0","-16,-18","-30,-30","-35,-32","-44,-40","-57,-51","-65,-58","-69,-60","-77,-66","-86,-73"
"119,116","0,0","20,21","64,64","86,86","93,94","97,97","103,103","110,110","115,114","119,116"
"51,67","0,0","4,7","12,18","23,33","33,48","40,58","43,62","45,65","47,68","47,70"
"117,120","0,0","26,20","67,50","82,60","89,66","102,75","113,86","117,92","119,102","119,109"
"-83,109","0,0","-17,16","-38,38","-51,55","-59,66","-65,76","-69,84","-73,92","-77,98","-81,105"
"-168,-35","0,0","-42,-11","-63,-22","-80,-33","-93,-37","-114,-41","-130,-41","-143,-40","-153,-39","-161,-36"
"-174,161","0,0","-45,34","-79,62","-102,84","-116,98","-129,112","-142,126","-153,138","-163,148","-169,156"
"8,-23","0,0","1,-2","2,-6","4,-9","5,-12","6,-14","6,-16","7,-17","8,-19","8,-21"
"-33,182","0,0","-15,48","-24,83","-27,106","-30,122","-31,130","-34,144","-34,156","-34,166","-34,176"
"-157,-44","0,0","-32,-9","-66,-18","-80,-22","-93,-26","-106,-29","-118,-34","-128,-38","-140,-41","-150,-44"
"-153,-193","0,0","-77,-154","-106,-210","-110,-215","-116,-215","-126,-214","-136,-210","-142,-205","-147,-200","-153,-193"
"125,63","0,0","24,20","52,44","63,51","70,54","80,58","87,62","92,64","100,65","110,66"
"-3,188","0,0","5,70","9,112","10,130","10,143","10,155","9,167","7,174","4,180","0,184"
"38,186","0,0","7,49","19,99","23,114","26,126","30,143","35,158","37,168","38,178","38,186"
"202,4","0,0","81,-17","128,-28","137,-30","143,-30","156,-29","166,-27","172,-24","180,-16","194,-3"
"55,52","0,0","12,13","23,23","30,28","34,30","39,32","43,34","46,37","51,42","54,48"
"94,-128","0,0","22,-31","37,-55","50,-73","58,-85","66,-94","74,-106","78,-114","82,-119","88,-123"
"172,118","0,0","22,15","70,46","99,65","115,76","133,94","146,108","154,116","160,119","166,121"
"67,0","0,0","8,0","16,1","23,1","31,1","38,1","46,1","55,1","63,0","67,0"
"153,0","0,0","28,-1","68,-1","98,0","112,0","117,0","121,0","126,0","136,0","144,0"
"65,-20","0,0","12,-2","23,-4","30,-4","35,-4","40,-6","45,-6","49,-8","55,-12","61,-16"
"62,9","0,0","8,2","21,6","33,8","39,9","43,9","47,9","51,9","57,9","62,9"
"-72,128","0,0","-18,32","-35,60","-45,78","-53,91","-58,101","-62,110","-66,118","-70,124","-72,128"
"134,-122","0,0","42,-36","68,-60","77,-70","86,-78","106,-96","112,-103","118,-108","124,-114","129,-117"
"203,-100","0,0","31,-14","40,-19","54,-27","84,-41","109,-53","148,-72","182,-88","192,-93","198,-96"
"-128,38","0,0","-34,6","-63,13","-78,19","-90,24","-100,29","-107,33","-114,36","-119,37","-124,39"
"149,162","0,0","39,49","87,99","93,106","106,118","127,138","135,146","141,150","145,156","149,162"
"78,-179","0,0","22,-45","37,-78","41,-86","45,-97","50,-112","54,-123","60,-144","70,-165","73,-174"
"-171,75","0,0","-31,10","-65,25","-87,35","-104,45","-117,52","-129,57","-139,63","-149,66","-159,70"
"-81,157","0,0","-18,33","-29,52","-37,67","-44,83","-51,99","-59,113","-63,123","-67,133","-72,143"
"-41,74","0,0","-6,11","-14,23","-19,35","-24,42","-28,50","-32,57","-35,63","-37,68","-39,71"
"-136,17","0,0","-39,6","-59,8","-73,11","-85,11","-96,11","-105,11","-115,11","-125,13","-131,15"
"-172,203","0,0","-27,32","-53,64","-69,84","-85,101","-103,119","-121,138","-135,156","-151,176","-161,188"
"145,-61","0,0","19,-10","33,-16","61,-27","89,-36","103,-40","110,-40","119,-42","127,-45","135,-50"
"51,143","0,0","9,18","24,49","28,59","29,63","32,75","36,92","39,102","40,107","44,122"
"-131,-178","0,0","-42,-76","-55,-99","-61,-109","-78,-130","-87,-142","-97,-152","-112,-164","-120,-170","-126,-174"
"143,41","0,0","28,8","52,14","60,16","77,19","91,22","99,24","113,28","120,31","129,34"
"-162,-198","0,0","-73,-70","-101,-96","-117,-115","-131,-130","-138,-139","-143,-149","-152,-170","-155,-181","-157,-188"
"32,-58","0,0","4,-10","8,-16","9,-20","12,-23","14,-28","18,-35","22,-43","26,-49","28,-53"
"-6,-41","0,0","0,-6","0,-12","0,-16","0,-19","0,-22","-1,-25","-2,-28","-3,-31","-4,-34"
"-165,161","0,0","-36,33","-74,68","-98,96","-114,115","-126,129","-134,139","-141,144","-150,151","-156,156"
"-71,-146","0,0","-19,-63","-32,-105","-35,-112","-37,-115","-39,-117","-44,-124","-55,-136","-63,-145","-68,-147"
"142,-86","0,0","32,-16","52,-24","85,-38","110,-50","121,-55","128,-58","137,-65","142,-72","142,-79"
"-101,16","0,0","-18,1","-40,5","-54,7","-64,9","-74,11","-82,13","-88,14","-91,15","-97,16"
"56,98","0,0","5,11","18,32","26,45","30,48","33,55","40,68","46,76","48,81","51,88"
"54,-58","0,0","11,-9","25,-23","33,-30","38,-33","40,-36","42,-38","46,-43","49,-49","53,-54"
"-214,-7","0,0","-52,7","-80,13","-101,16","-119,16","-139,13","-164,5","-183,0","-193,-3","-202,-5"
"-190,10","0,0","-40,0","-68,0","-88,0","-109,0","-130,2","-146,3","-159,6","-172,8","-182,9"
"-17,-184","0,0","0,-74","0,-89","0,-102","0,-112","-4,-125","-12,-145","-14,-154","-16,-166","-18,-176"
"-195,133","0,0","-58,26","-103,50","-134,72","-150,84","-161,91","-170,99","-180,108","-189,118","-194,124"
"18,-87","0,0","5,-13","10,-32","14,-46","16,-55","16,-59","17,-62","18,-69","18,-74","18,-79"
"19,97","0,0","0,5","1,19","7,38","12,57","15,68","16,74","17,77","18,82","19,88"
"-56,-179","0,0","-14,-60","-23,-92","-28,-109","-32,-116","-36,-126","-43,-140","-46,-145","-50,-159","-54,-174"
"40,118","0,0","6,31","12,54","15,64","17,72","21,81","24,90","26,97","30,102","37,112"
"-68,-127","0,0","-34,-53","-43,-67","-46,-71","-49,-77","-55,-86","-58,-93","-60,-99","-64,-109","-68,-121"
"90,-3","0,0","12,0","35,-1","56,-3","66,-3","70,-3","74,-3","77,-3","80,-3","83,-3"
"-131,-33","0,0","-28,-1","-52,-3","-70,-6","-87,-9","-98,-10","-110,-14","-118,-17","-122,-20","-124,-24"
"-51,-46","0,0","-10,-11","-18,-19","-26,-29","-32,-36","-35,-39","-37,-40","-39,-42","-41,-43","-44,-43"
"-199,-51","0,0","-32,-7","-66,-15","-90,-21","-108,-25","-126,-29","-145,-37","-164,-43","-176,-47","-185,-48"
"-142,69","0,0","-34,15","-64,28","-82,35","-96,41","-106,46","-117,52","-126,57","-134,61","-138,64"
"-197,72","0,0","-48,14","-93,27","-120,38","-139,47","-157,54","-170,59","-180,63","-188,68","-194,71"
"19,62","0,0","0,2","0,7","2,14","6,25","9,34","12,44","14,49","16,53","17,56"
"87,-83","0,0","26,-24","41,-40","50,-48","55,-54","60,-58","65,-62","72,-68","81,-76","85,-80"
"83,-55","0,0","18,-7","33,-12","41,-15","49,-19","57,-23","63,-29","68,-36","73,-41","77,-46"
"188,-120","0,0","37,-20","75,-44","106,-64","127,-78","142,-86","151,-91","157,-94","168,-103","182,-114"
"-71,87","0,0","-10,10","-25,27","-37,40","-45,49","-52,58","-58,66","-63,74","-65,78","-68,80"
"40,154","0,0","2,40","14,100","17,114","18,120","21,128","26,134","30,140","33,143","38,150"
"86,-72","0,0","12,-7","30,-18","45,-25","52,-29","55,-32","59,-36","70,-49","78,-61","82,-66"
"-159,-6","0,0","-19,-1","-47,-2","-74,-4","-99,-5","-116,-6","-129,-8","-139,-9","-147,-9","-153,-9"
"-42,104","0,0","-3,16","-7,24","-13,41","-20,58","-23,68","-28,75","-34,84","-38,92","-41,98"
"-131,178","0,0","-48,52","-81,86","-98,110","-109,126","-115,137","-119,147","-121,154","-123,163","-127,171"
"86,170","0,0","15,37","41,90","45,99","53,119","69,150","75,158","79,165","85,172","86,170"
"-30,52","0,0","-2,4","-6,11","-12,19","-16,26","-20,32","-22,38","-25,43","-26,47","-28,49"
"-41,-19","0,0","-4,-2","-9,-6","-14,-8","-17,-10","-21,-12","-24,-14","-27,-16","-29,-16","-31,-16"
"144,-52","0,0","56,-22","86,-32","100,-38","105,-39","112,-40","121,-42","127,-44","132,-46","137,-49"
"-99,134","0,0","-23,32","-47,64","-57,80","-64,88","-71,98","-77,106","-83,112","-88,119","-92,125"
"107,20","0,0","22,1","41,3","51,3","57,4","66,6","76,7","84,10","89,12","95,15"
"-72,-65","0,0","-10,-9","-27,-21","-37,-31","-42,-34","-50,-41","-59,-49","-66,-57","-69,-61","-72,-63"
"110,88","0,0","17,9","51,30","74,45","82,51","85,55","92,62","99,71","105,78","108,82"
"-72,45","0,0","-10,6","-24,16","-36,22","-44,27","-49,31","-55,34","-60,37","-64,40","-67,42"
"-130,-103","0,0","-25,-24","-46,-42","-60,-51","-74,-62","-87,-73","-107,-88","-123,-102","-130,-107","-133,-106"
"-117,-77","0,0","-33,-18","-64,-36","-80,-44","-96,-52","-108,-58","-115,-62","-122,-66","-126,-70","-121,-73"
"139,-57","0,0","22,-10","42,-18","67,-29","90,-37","103,-39","112,-44","122,-47","132,-53","139,-57"
"-158,147","0,0","-41,38","-76,68","-101,92","-116,108","-126,117","-133,126","-139,132","-146,137","-153,142"
"128,150","0,0","14,16","54,65","73,89","81,101","92,115","101,126","107,133","110,136","114,142"
"0,-81","0,0","0,-13","0,-26","0,-37","0,-46","0,-54","0,-61","0,-66","0,-71","0,-75"
"12,-39","0,0","2,-5","5,-11","7,-17","8,-21","9,-24","9,-27","10,-29","11,-31","11,-34"
"115,61","0,0","24,15","46,28","56,36","66,40","75,47","82,52","87,54","94,58","102,60"
"-169,77","0,0","-42,18","-77,34","-98,42","-112,48","-122,54","-129,57","-138,62","-149,68","-162,74"
"-15,173","0,0","-13,50","-15,98","-15,116","-16,126","-18,136","-19,144","-19,152","-19,159","-17,168"
"-72,120","0,0","-10,16","-23,41","-32,60","-40,71","-48,82","-54,91","-59,99","-66,110","-70,116"
"-181,-155","0,0","-36,-39","-74,-83","-88,-98","-102,-109","-123,-125","-138,-133","-152,-140","-165,-146","-175,-152"
"-99,147","0,0","-32,41","-53,73","-64,92","-73,107","-81,120","-86,129","-91,135","-96,141","-99,147"
